Title,Price,link
CasioG-Shock G-Steel Solar Dual Display Black Bracelet Smartwatch GST-B100D-1AER,£274.99,https://www.houseofwatches.co.uk/casio-mens-g-shock-connect-steel-chronograph-bracelet-watch-gst-b100d-1aer
SwatchGents Black Rubber Strap Once Again Watch GB743,£44.95,https://www.houseofwatches.co.uk/swatch-mens-once-again-watch-gb743
CasioEdifice Bluetooth Solar Blue Bracelet Smartwatch ECB-800D-1AEF,£198.95,https://www.houseofwatches.co.uk/casio-edifice-bluetooth-solar-blue-bracelet-smartwatch-ecb-800d-1aef
SeikoMens Coutura Solar Radio Sync Two Tone Bracelet Watch SSG010P9,£424.00,https://www.houseofwatches.co.uk/seiko-mens-coutura-radio-sync-bracelet-watch-ssg010p9
CasioG-Shock Master Of G Mudmaster Carbon Core Guard Dual Display Orange Plastic Strap Smartwatch GG-B100-1A9ER,£269.95,https://www.houseofwatches.co.uk/casio-g-shock-master-of-g-mudmaster-carbon-core-guard-dual-display-orange-plastic-strap-smartwatch-gg-b100-1a9er
TissotMens T-Classic Tradition Strap Watch T063.610.16.038.00,£240.00,https://www.houseofwatches.co.uk/tissot-mens-t-classic-tradition-strap-watch-t063-610-16-038-00
SeikoMens Quartz Black Chronograph Bracelet Watch SSB319P1,£129.99,https://www.houseofwatches.co.uk/seiko-mens-discover-more-quartz-black-chronograph-bracelet-watch-ssb319p1
BulovaMens Curv Chronograph Watch 96A186,£299.99,https://www.houseofwatches.co.uk/bulova-mens-curv-chronograph-watch-96a186
CasioG-Shock Classics Layered Bezel Yellow Watch GA-2110SU-9AER,£90.47,https://www.houseofwatches.co.uk/casio-g-shock-classics-layered-bezel-yellow-watch-ga-2110su-9aer
SeikoMens 5 Sports Automatic Black Bracelet Watch SRPD55K1,£218.95,https://www.houseofwatches.co.uk/seiko-mens-5-sports-automatic-black-bracelet-watch-srpd55k1
CitizenMens Promaster Skyhawk A-T Red Arrows Bracelet Watch JY0110-55E,,https://www.houseofwatches.co.uk/citizen-red-arrows-skyhawk-at-watch-jy0110-55e
CasioEdifice Bluetooth Solar Red Bracelet Smartwatch ECB-900DB-1AER,£165.95,https://www.houseofwatches.co.uk/casio-edifice-bluetooth-solar-red-bracelet-smartwatch-ecb-900db-1aer
CitizenEco-Drive Ecosphere Black Bracelet Watch CA4150-67E,£189.00,https://www.houseofwatches.co.uk/citizen-eco-drive-ecosphere-black-bracelet-watch-ca4150-67e
CasioCASIO Collection Retro Digital Gold Bracelet Watch A168WG-9EF,£49.00,https://www.houseofwatches.co.uk/casio-mens-classic-leisure-watch-a168wg-9ef
CasioG-Shock G-Steel Solar Dual Display Black Plastic Strap Smartwatch GST-B100-1AER,£224.99,https://www.houseofwatches.co.uk/casio-mens-g-shock-connect-steel-chronograph-black-rubber-strap-watch-gst-b100-1aer
CitizenMens World Radio Controlled Blue Chronograph Dial Stainless Steel Bracelet Watch AT8124-91L,£329.99,https://www.houseofwatches.co.uk/citizen-mens-world-radio-controlled-blue-chronograph-dial-stainless-steel-bracelet-watch-at8124-91l
CitizenMens Satellite Wave GPS Freedom Black And Green Dial Bracelet Watch CC3035-50E,£510.00,https://www.houseofwatches.co.uk/citizen-mens-satellite-wave-gps-black-and-green-dial-bracelet-watch-cc3035-50e
Emporio ArmaniClassic Mens Silver Chronograph Watch AR2434,£247.00,https://www.houseofwatches.co.uk/emporio-armani-mens-silver-chronograph-watch-ar2434
CitizenMens Promaster Diver Black Dial Titanium Bracelet Watch BN0200-56E,£314.00,https://www.houseofwatches.co.uk/citizen-mens-promaster-diver-black-dial-titanium-bracelet-watch-bn0200-56e
SwatchUnisex Sir Blue Strap Watch GN718,£53.00,https://www.houseofwatches.co.uk/swatch-unisex-sir-blue-strap-watch-gn718
BOSSMens Hero Sport Lux Blue Dial Two Colour Bracelet Watch 1513767,£369.00,https://www.houseofwatches.co.uk/boss-mens-hero-sport-lux-blue-dial-two-colour-bracelet-watch-1513767
TissotMens T-Sport Chrono XL Classic Black Leather Strap Watch T116.617.16.057.00,£285.00,https://www.houseofwatches.co.uk/tissot-mens-chrono-xl-classic-black-watch-t116-617-16-057-00
SwatchUnisex Twice Again Strap Watch SUOB705,£60.00,https://www.houseofwatches.co.uk/swatch-unisex-twice-again-strap-watch-suob705
SeikoMens Chronograph Quartz Black Dial Bracelet Watch SSB255P1,£152.99,https://www.houseofwatches.co.uk/seiko-mens-chronograph-quartz-black-dial-bracelet-watch-ssb255p1
Raymond WeilMens Tango Watch 8560-ST2020001,£985.50,https://www.houseofwatches.co.uk/raymond-weil-mens-tango-chronograph-bracelet-watch-8560-st2020001
CitizenMens Promaster Skyhawk A-T Red Arrows Limited Edition Bracelet Watch JY8079-76E,,https://www.houseofwatches.co.uk/citizen-mens-red-arrows-limited-edition-skyhawk-watch-jy8079-76e
CasioProtrek Grey Rubber Strap Watch PRW-60ECA-1AJR,£318.99,https://www.houseofwatches.co.uk/casio-mens-protrek-grey-rubber-strap-watch-prw-60eca-1ajr
SwatchMens Blue Rebel Watch SUON700,£62.00,https://www.houseofwatches.co.uk/swatch-mens-blue-rebel-watch-suon700
Raymond WeilMens Tango Chronograph Watch 8570-ST1-20701,£1,039.95,https://www.houseofwatches.co.uk/raymond-weil-mens-tango-chronograph-watch-8570-st1-20701
TissotMens T-Classic Couturier Strap Watch T035.617.16.051.00,£371.30,https://www.houseofwatches.co.uk/tissot-mens-t-classic-couturier-strap-watch-t035-617-16-051-00
SeikoMens Prospex Sea Automatic Black Bracelet Watch SPB051J1,£874.95,https://www.houseofwatches.co.uk/seiko-prospex-divers-automatic-bracelet-watch-spb051j1
TissotMens T-Sport Chrono XL Classic Black Dial Bracelet Watch T116.617.11.057.01,£315.00,https://www.houseofwatches.co.uk/tissot-mens-xl-chrono-classic-black-dial-bracelet-watch-t116-617-11-057-01
SeikoMens 5 Sports Automatic Green Bracelet Watch SRPD63K1,£227.95,https://www.houseofwatches.co.uk/seiko-mens-5-sports-automatic-green-bracelet-watch-srpd63k1
CitizenEco-Drive Super Titanium Brown Leather Strap Watch BL5551-06L,£199.00,https://www.houseofwatches.co.uk/citizen-eco-drive-super-titanium-brown-leather-strap-watch-bl5551-06l
CitizenMens PCAT Gunmetal Bracelet Watch AT4127-52H,,https://www.houseofwatches.co.uk/citizen-mens-eco-drive-pcat-gunmetal-bracelet-watch-at4127-52h
SekondaMens Midnight Blue Dial Black Leather Strap Dress Watch 1634,£63.99,https://www.houseofwatches.co.uk/sekonda-mens-midnight-blue-dial-black-leather-strap-dress-watch-1634
CasioG-Shock Sports G-Squad Step Tracker Smartwatch GBD-100-1ER,,https://www.houseofwatches.co.uk/casio-g-shock-sports-g-squad-step-tracker-smartwatch-gbd-100-1er
SwatchUltraciel Blue Rubber Strap Watch GE713,£59.00,https://www.houseofwatches.co.uk/swatch-ultraciel-blue-rubber-strap-watch-ge713
CasioG-Shock Layered Bezel Watch GA-2110SU-3AER,£90.95,https://www.houseofwatches.co.uk/casio-mens-g-shock-watch-ga-2110su-3aer
GucciDive XL Stainless Steel Black Dial Bracelet Watch YA136208A,£795.00,https://www.houseofwatches.co.uk/gucci-dive-xl-stainless-steel-black-dial-bracelet-watch-ya136208a
